customer_id,product_id,purchase_date,page_views,time_spent,category,price,ratings
28,103,2023-01-15,28,154,Home & Kitchen,200,4.2
2,113,2023-03-29,78,282,Furniture,780,3.9
16,137,2023-04-15,79,254,Office Supplies,510,3.7
57,102,2023-04-02,68,285,Clothing,50,3.8
60,122,2023-04-03,79,333,Books & Media,330,4.7
5,131,2023-02-20,55,225,Pet Supplies,380,3.9
42,128,2023-04-15,69,255,Automotive,150,3.8
4,125,2023-02-28,40,211,Health & Wellness,70,3.5
49,102,2023-01-24,35,181,Clothing,50,3.8
28,101,2023-03-16,60,278,Electronics,500,4.5
48,102,2023-04-03,75,246,Clothing,50,3.8
20,140,2023-03-21,69,310,Food & Grocery,550,4.2
20,131,2023-04-14,81,367,Pet Supplies,380,3.9
44,101,2023-02-18,50,228,Electronics,500,4.5
42,119,2023-04-09,63,233,Toys & Games,540,4.4
64,102,2023-03-20,64,240,Clothing,50,3.8
44,119,2023-01-28,40,191,Toys & Games,540,4.4
80,103,2023-04-10,84,332,Home & Kitchen,200,4.2
73,103,2023-02-10,40,217,Home & Kitchen,200,4.2
20,101,2023-02-16,50,250,Electronics,500,4.5
59,134,2023-01-29,39,192,Jewelry & Accessories,170,4.0
74,140,2023-03-29,66,243,Food & Grocery,550,4.2
85,102,2023-03-26,68,322,Clothing,50,3.8
30,120,2023-01-01,35,120,Toys & Games,230,4.0
28,104,2023-02-07,38,192,Beauty,30,4.0
68,116,2023-02-01,44,192,Sports & Outdoors,650,3.9
60,104,2023-02-12,53,247,Beauty,30,4.0
63,134,2023-04-10,68,258,Jewelry & Accessories,170,4.0
16,140,2023-04-03,75,233,Food & Grocery,550,4.2
22,119,2023-03-08,67,274,Toys & Games,540,4.4
74,104,2023-01-05,32,130,Beauty,30,4.0
2,137,2023-02-24,61,212,Office Supplies,510,3.7
39,102,2023-01-01,33,122,Clothing,50,3.8
69,128,2023-03-16,65,245,Automotive,150,3.8
21,116,2023-02-04,48,221,Sports & Outdoors,650,3.9
61,102,2023-01-20,42,114,Clothing,50,3.8
57,131,2023-02-19,48,188,Pet Supplies,380,3.9
23,122,2023-04-09,70,359,Books & Media,330,4.7
63,113,2023-04-25,78,306,Furniture,780,3.9
7,102,2023-04-02,68,285,Clothing,50,3.8
2,101,2023-01-26,38,133,Electronics,500,4.5
29,102,2023-01-24,48,196,Clothing,50,3.8
51,140,2023-02-10,44,171,Food & Grocery,550,4.2
58,115,2023-01-01,29,91,Furniture,750,3.6
51,122,2023-01-18,34,147,Books & Media,330,4.7
73,104,2023-03-01,49,261,Beauty,30,4.0
75,131,2023-03-07,55,275,Pet Supplies,380,3.9
12,113,2023-02-13,54,159,Furniture,780,3.9
40,134,2023-02-13,48,246,Jewelry & Accessories,170,4.0
27,119,2023-04-11,70,312,Toys & Games,540,4.4
32,128,2023-01-18,44,151,Automotive,150,3.8
15,140,2023-03-16,74,270,Food & Grocery,550,4.2
9,103,2023-03-04,57,257,Home & Kitchen,200,4.2
56,104,2023-04-05,69,230,Beauty,30,4.0
23,134,2023-01-03,25,147,Jewelry & Accessories,170,4.0
24,131,2023-04-26,83,313,Pet Supplies,380,3.9
48,116,2023-03-06,61,217,Sports & Outdoors,650,3.9
19,101,2023-03-30,68,274,Electronics,500,4.5
78,128,2023-03-10,54,257,Automotive,150,3.8
58,140,2023-03-28,74,264,Food & Grocery,550,4.2
82,101,2023-01-23,50,177,Electronics,500,4.5
60,119,2023-03-03,63,270,Toys & Games,540,4.4
55,113,2023-02-26,62,246,Furniture,780,3.9
69,119,2023-03-07,62,217,Toys & Games,540,4.4
9,116,2023-03-14,62,271,Sports & Outdoors,650,3.9
80,101,2023-01-17,43,173,Electronics,500,4.5
49,104,2023-01-16,31,159,Beauty,30,4.0
38,122,2023-02-11,55,179,Books & Media,330,4.7
81,116,2023-01-13,32,125,Sports & Outdoors,650,3.9
45,125,2023-02-07,54,202,Health & Wellness,70,3.5
45,140,2023-02-18,58,228,Food & Grocery,550,4.2
65,134,2023-03-29,81,304,Jewelry & Accessories,170,4.0
17,140,2023-03-02,60,209,Food & Grocery,550,4.2
66,125,2023-03-23,68,209,Health & Wellness,70,3.5
25,131,2023-03-07,55,275,Pet Supplies,380,3.9
3,104,2023-01-24,42,192,Beauty,30,4.0
31,128,2023-02-25,54,202,Automotive,150,3.8
44,116,2023-01-04,25,148,Sports & Outdoors,650,3.9
17,131,2023-03-27,78,264,Pet Supplies,380,3.9
83,120,2023-01-01,34,139,Toys & Games,230,4.0
41,134,2023-03-02,64,240,Jewelry & Accessories,170,4.0
39,131,2023-04-11,78,327,Pet Supplies,380,3.9
75,116,2023-04-05,67,322,Sports & Outdoors,650,3.9
27,116,2023-03-11,57,243,Sports & Outdoors,650,3.9
13,122,2023-02-24,48,187,Books & Media,330,4.7
26,128,2023-01-28,42,197,Automotive,150,3.8
15,102,2023-01-20,43,156,Clothing,50,3.8
79,125,2023-03-11,73,287,Health & Wellness,70,3.5
67,137,2023-03-14,66,228,Office Supplies,510,3.7
50,104,2023-03-29,70,305,Beauty,30,4.0
31,104,2023-01-27,39,135,Beauty,30,4.0
16,134,2023-04-30,83,267,Jewelry & Accessories,170,4.0
80,122,2023-01-29,47,201,Books & Media,330,4.7
75,103,2023-03-29,64,312,Home & Kitchen,200,4.2
71,131,2023-01-09,32,174,Pet Supplies,380,3.9
1,104,2023-04-11,81,299,Beauty,30,4.0
21,101,2023-03-20,74,320,Electronics,500,4.5
79,122,2023-03-03,68,276,Books & Media,330,4.7
35,104,2023-03-21,65,294,Beauty,30,4.0
73,131,2023-01-14,31,173,Pet Supplies,380,3.9
30,103,2023-04-10,84,332,Home & Kitchen,200,4.2
72,101,2023-04-06,76,314,Electronics,500,4.5
2,140,2023-02-13,54,185,Food & Grocery,550,4.2
73,122,2023-04-09,70,359,Books & Media,330,4.7
17,122,2023-02-08,48,162,Books & Media,330,4.7
6,104,2023-04-05,69,230,Beauty,30,4.0
72,128,2023-03-22,73,293,Automotive,150,3.8
80,120,2023-01-01,35,120,Toys & Games,230,4.0
62,116,2023-02-25,64,207,Sports & Outdoors,650,3.9
51,104,2023-04-11,81,299,Beauty,30,4.0
66,101,2023-02-24,59,165,Electronics,500,4.5
25,103,2023-03-29,64,312,Home & Kitchen,200,4.2
26,125,2023-03-03,54,259,Health & Wellness,70,3.5
37,137,2023-01-16,41,148,Office Supplies,510,3.7
32,113,2023-03-27,87,323,Furniture,780,3.9
6,128,2023-05-10,81,288,Automotive,150,3.8
47,104,2023-03-13,67,251,Beauty,30,4.0
83,137,2023-03-07,64,272,Office Supplies,510,3.7
26,140,2023-03-13,59,282,Food & Grocery,550,4.2
83,140,2023-02-24,58,246,Food & Grocery,550,4.2
85,103,2023-02-25,56,254,Home & Kitchen,200,4.2
3,101,2023-03-10,57,243,Electronics,500,4.5
24,125,2023-03-16,59,233,Health & Wellness,70,3.5
25,116,2023-04-05,67,322,Sports & Outdoors,650,3.9
58,116,2023-01-21,39,130,Sports & Outdoors,650,3.9
12,104,2023-03-03,70,235,Beauty,30,4.0
47,134,2023-01-27,44,143,Jewelry & Accessories,170,4.0
84,101,2023-02-28,58,222,Electronics,500,4.5
32,119,2023-01-07,38,128,Toys & Games,540,4.4
81,103,2023-01-02,27,101,Home & Kitchen,200,4.2
72,125,2023-04-18,84,351,Health & Wellness,70,3.5
26,113,2023-04-13,84,344,Furniture,780,3.9
81,122,2023-03-13,65,253,Books & Media,330,4.7
27,102,2023-03-30,65,285,Clothing,50,3.8
47,103,2023-02-25,57,216,Home & Kitchen,200,4.2
61,122,2023-02-27,63,171,Books & Media,330,4.7
9,102,2023-04-03,73,306,Clothing,50,3.8
44,102,2023-01-21,34,178,Clothing,50,3.8
57,134,2023-02-07,43,175,Jewelry & Accessories,170,4.0
3,125,2023-03-23,64,293,Health & Wellness,70,3.5
79,137,2023-03-26,84,322,Office Supplies,510,3.7
28,122,2023-03-30,63,292,Books & Media,330,4.7
52,113,2023-03-29,78,282,Furniture,780,3.9
11,140,2023-03-22,73,207,Food & Grocery,550,4.2
52,101,2023-01-26,38,133,Electronics,500,4.5
48,134,2023-01-31,42,159,Jewelry & Accessories,170,4.0
35,131,2023-02-13,46,227,Pet Supplies,380,3.9
2,125,2023-02-08,50,169,Health & Wellness,70,3.5
10,113,2023-01-14,36,174,Furniture,780,3.9
69,131,2023-01-10,40,116,Pet Supplies,380,3.9
31,140,2023-04-10,73,300,Food & Grocery,550,4.2
42,113,2023-01-28,33,130,Furniture,780,3.9
54,101,2023-02-09,31,170,Electronics,500,4.5
54,131,2023-04-14,55,287,Pet Supplies,380,3.9
38,131,2023-03-25,80,287,Pet Supplies,380,3.9
71,116,2023-02-04,48,221,Sports & Outdoors,650,3.9
21,122,2023-04-02,80,335,Books & Media,330,4.7
39,128,2023-01-25,42,159,Automotive,150,3.8
49,118,2023-01-05,27,130,Sports & Outdoors,780,4.7
60,116,2023-02-06,48,226,Sports & Outdoors,650,3.9
82,128,2023-01-18,44,151,Automotive,150,3.8
55,103,2023-03-13,69,259,Home & Kitchen,200,4.2
76,134,2023-03-28,71,308,Jewelry & Accessories,170,4.0
43,128,2023-03-24,70,273,Automotive,150,3.8
25,137,2023-02-20,45,238,Office Supplies,510,3.7
85,113,2023-02-19,51,242,Furniture,780,3.9
74,134,2023-04-19,79,295,Jewelry & Accessories,170,4.0
39,101,2023-02-09,45,188,Electronics,500,4.5
33,120,2023-01-01,34,139,Toys & Games,230,4.0
31,103,2023-01-02,27,101,Home & Kitchen,200,4.2
62,140,2023-01-12,32,91,Food & Grocery,550,4.2
51,116,2023-04-05,75,278,Sports & Outdoors,650,3.9
82,122,2023-01-29,56,197,Books & Media,330,4.7
49,128,2023-02-07,45,228,Automotive,150,3.8
22,113,2023-01-11,42,172,Furniture,780,3.9
6,119,2023-05-03,76,265,Toys & Games,540,4.4
3,122,2023-03-16,61,270,Books & Media,330,4.7
32,101,2023-01-23,50,177,Electronics,500,4.5
19,131,2023-01-10,40,116,Pet Supplies,380,3.9
4,119,2023-01-17,23,126,Toys & Games,540,4.4
26,131,2023-04-08,77,328,Pet Supplies,380,3.9
30,101,2023-01-17,43,173,Electronics,500,4.5
41,122,2023-01-21,48,175,Books & Media,330,4.7
77,137,2023-01-14,34,149,Office Supplies,510,3.7
2,102,2023-01-02,20,90,Clothing,50,3.8
41,137,2023-02-24,59,230,Office Supplies,510,3.7
29,116,2023-01-09,37,145,Sports & Outdoors,650,3.9
36,116,2023-04-03,61,285,Sports & Outdoors,650,3.9
5,101,2023-01-05,22,110,Electronics,500,4.5
1,137,2023-02-16,47,201,Office Supplies,510,3.7
23,104,2023-03-01,49,261,Beauty,30,4.0
80,131,2023-03-18,75,292,Pet Supplies,380,3.9
30,125,2023-02-06,52,228,Health & Wellness,70,3.5
78,101,2023-03-16,60,278,Electronics,500,4.5
5,113,2023-02-26,62,246,Furniture,780,3.9
50,140,2023-01-14,33,156,Food & Grocery,550,4.2
19,104,2023-02-23,56,190,Beauty,30,4.0
51,113,2023-03-13,63,251,Furniture,780,3.9
82,119,2023-01-07,38,128,Toys & Games,540,4.4
81,125,2023-03-28,69,282,Health & Wellness,70,3.5
74,128,2023-02-11,44,195,Automotive,150,3.8
25,105,2023-01-01,27,148,Electronics,800,4.8
4,101,2023-02-09,31,170,Electronics,500,4.5
10,131,2023-01-03,32,150,Pet Supplies,380,3.9
44,134,2023-03-31,77,326,Jewelry & Accessories,170,4.0
28,128,2023-03-10,54,257,Automotive,150,3.8
37,104,2023-03-21,70,275,Beauty,30,4.0
69,136,2023-01-04,35,92,Jewelry & Accessories,210,4.8
38,101,2023-01-28,49,165,Electronics,500,4.5
7,116,2023-03-18,61,242,Sports & Outdoors,650,3.9
27,137,2023-01-14,34,149,Office Supplies,510,3.7
53,140,2023-04-02,67,307,Food & Grocery,550,4.2
29,103,2023-01-04,30,126,Home & Kitchen,200,4.2
1,134,2023-03-02,52,219,Jewelry & Accessories,170,4.0
41,128,2023-01-09,39,131,Automotive,150,3.8
27,134,2023-01-22,38,159,Jewelry & Accessories,170,4.0
53,137,2023-04-09,71,324,Office Supplies,510,3.7
22,102,2023-02-23,64,250,Clothing,50,3.8
15,122,2023-02-26,65,241,Books & Media,330,4.7
75,113,2023-03-22,60,291,Furniture,780,3.9
4,102,2023-01-09,18,97,Clothing,50,3.8
24,102,2023-01-15,37,156,Clothing,50,3.8
65,128,2023-02-05,53,197,Automotive,150,3.8
67,125,2023-02-15,53,181,Health & Wellness,70,3.5
81,101,2023-03-04,58,224,Electronics,500,4.5
77,113,2023-02-17,49,197,Furniture,780,3.9
59,140,2023-01-18,33,155,Food & Grocery,550,4.2
16,128,2023-02-14,53,150,Automotive,150,3.8
17,128,2023-01-16,36,123,Automotive,150,3.8
63,119,2023-01-18,31,136,Toys & Games,540,4.4
59,131,2023-02-06,46,222,Pet Supplies,380,3.9
26,137,2023-03-19,66,293,Office Supplies,510,3.7
31,116,2023-01-13,32,125,Sports & Outdoors,650,3.9
68,102,2023-02-23,54,228,Clothing,50,3.8
54,119,2023-01-17,23,126,Toys & Games,540,4.4
18,101,2023-04-06,68,288,Electronics,500,4.5
72,104,2023-02-15,60,220,Beauty,30,4.0
37,128,2023-04-20,87,339,Automotive,150,3.8
40,103,2023-03-17,66,314,Home & Kitchen,200,4.2
66,137,2023-04-15,79,254,Office Supplies,510,3.7
38,140,2023-03-05,64,223,Food & Grocery,550,4.2
1,116,2023-04-05,75,278,Sports & Outdoors,650,3.9
29,119,2023-02-07,53,223,Toys & Games,540,4.4
83,113,2023-04-02,77,334,Furniture,780,3.9
53,128,2023-02-27,54,227,Automotive,150,3.8
76,140,2023-03-13,59,282,Food & Grocery,550,4.2
49,122,2023-02-23,54,261,Books & Media,330,4.7
46,122,2023-03-15,64,246,Books & Media,330,4.7
7,122,2023-01-03,26,87,Books & Media,330,4.7
27,113,2023-02-17,49,197,Furniture,780,3.9
11,101,2023-02-19,57,158,Electronics,500,4.5
33,134,2023-03-17,67,299,Jewelry & Accessories,170,4.0
42,116,2023-02-27,47,183,Sports & Outdoors,650,3.9
6,137,2023-01-20,36,119,Office Supplies,510,3.7
15,137,2023-03-21,78,284,Office Supplies,510,3.7
39,140,2023-03-08,63,269,Food & Grocery,550,4.2
52,125,2023-02-08,50,169,Health & Wellness,70,3.5
36,104,2023-04-17,68,307,Beauty,30,4.0
77,103,2023-03-03,53,223,Home & Kitchen,200,4.2
65,102,2023-01-20,43,156,Clothing,50,3.8
48,104,2023-03-21,68,228,Beauty,30,4.0
52,119,2023-01-07,27,101,Toys & Games,540,4.4
50,116,2023-03-15,63,277,Sports & Outdoors,650,3.9
79,101,2023-02-23,61,250,Electronics,500,4.5
78,125,2023-04-10,66,312,Health & Wellness,70,3.5
52,140,2023-02-13,54,185,Food & Grocery,550,4.2
50,137,2023-01-28,36,186,Office Supplies,510,3.7
40,140,2023-01-25,42,192,Food & Grocery,550,4.2
34,104,2023-01-20,40,159,Beauty,30,4.0
68,128,2023-03-24,64,269,Automotive,150,3.8
18,122,2023-04-20,71,300,Books & Media,330,4.7
55,125,2023-01-16,32,152,Health & Wellness,70,3.5
67,122,2023-02-08,48,162,Books & Media,330,4.7
17,101,2023-01-25,43,151,Electronics,500,4.5
3,140,2023-04-02,67,307,Food & Grocery,550,4.2
10,101,2023-03-24,72,304,Electronics,500,4.5
33,128,2023-01-09,37,158,Automotive,150,3.8
38,113,2023-04-05,83,301,Furniture,780,3.9
25,125,2023-01-29,34,188,Health & Wellness,70,3.5
37,134,2023-01-25,47,178,Jewelry & Accessories,170,4.0
56,140,2023-01-05,33,92,Food & Grocery,550,4.2
9,134,2023-01-29,39,192,Jewelry & Accessories,170,4.0
68,103,2023-01-17,39,163,Home & Kitchen,200,4.2
61,125,2023-03-11,69,183,Health & Wellness,70,3.5
77,102,2023-03-30,65,285,Clothing,50,3.8
46,116,2023-01-14,30,141,Sports & Outdoors,650,3.9
58,122,2023-03-17,67,229,Books & Media,330,4.7
59,102,2023-04-03,73,306,Clothing,50,3.8
60,113,2023-01-14,36,174,Furniture,780,3.9
63,137,2023-03-30,64,236,Office Supplies,510,3.7
36,134,2023-02-20,44,204,Jewelry & Accessories,170,4.0
83,103,2023-04-07,83,353,Home & Kitchen,200,4.2
13,128,2023-02-01,38,154,Automotive,150,3.8
45,134,2023-03-12,69,266,Jewelry & Accessories,170,4.0
70,134,2023-04-05,78,345,Jewelry & Accessories,170,4.0
31,122,2023-03-13,65,253,Books & Media,330,4.7
76,137,2023-03-19,66,293,Office Supplies,510,3.7
4,131,2023-04-14,55,287,Pet Supplies,380,3.9
80,128,2023-01-11,39,145,Automotive,150,3.8
14,134,2023-01-16,32,104,Jewelry & Accessories,170,4.0
23,116,2023-02-15,45,247,Sports & Outdoors,650,3.9
75,104,2023-04-19,73,344,Beauty,30,4.0
2,131,2023-03-15,73,254,Pet Supplies,380,3.9
25,122,2023-01-16,31,170,Books & Media,330,4.7
9,140,2023-01-18,33,155,Food & Grocery,550,4.2
25,104,2023-04-19,73,344,Beauty,30,4.0
32,125,2023-02-08,62,207,Health & Wellness,70,3.5
10,104,2023-02-12,53,247,Beauty,30,4.0
9,113,2023-02-21,51,234,Furniture,780,3.9
12,131,2023-02-08,49,141,Pet Supplies,380,3.9
28,114,2023-01-01,25,144,Furniture,120,3.7
48,131,2023-02-07,49,179,Pet Supplies,380,3.9
15,119,2023-01-31,48,181,Toys & Games,540,4.4
29,104,2023-01-15,43,173,Beauty,30,4.0
51,103,2023-03-27,68,262,Home & Kitchen,200,4.2
12,102,2023-03-12,75,249,Clothing,50,3.8
60,101,2023-03-24,72,304,Electronics,500,4.5
9,119,2023-04-14,80,331,Toys & Games,540,4.4
13,101,2023-02-14,44,167,Electronics,500,4.5
6,140,2023-01-05,33,92,Food & Grocery,550,4.2
52,128,2023-01-16,31,111,Automotive,150,3.8
36,131,2023-03-01,47,225,Pet Supplies,380,3.9
3,102,2023-02-05,45,203,Clothing,50,3.8
61,119,2023-01-30,45,129,Toys & Games,540,4.4
49,101,2023-02-12,49,240,Electronics,500,4.5
50,131,2023-02-20,46,230,Pet Supplies,380,3.9
10,102,2023-02-25,59,257,Clothing,50,3.8
19,116,2023-02-17,49,161,Sports & Outdoors,650,3.9
17,103,2023-04-19,84,318,Home & Kitchen,200,4.2
64,134,2023-01-16,32,104,Jewelry & Accessories,170,4.0
38,125,2023-02-20,58,206,Health & Wellness,70,3.5
9,137,2023-01-23,36,168,Office Supplies,510,3.7
70,119,2023-01-21,42,194,Toys & Games,540,4.4
74,102,2023-01-15,37,156,Clothing,50,3.8
14,116,2023-03-07,53,193,Sports & Outdoors,650,3.9
41,120,2023-01-04,35,110,Toys & Games,230,4.0
67,121,2023-01-03,30,109,Toys & Games,470,3.6
6,102,2023-04-18,73,249,Clothing,50,3.8
52,137,2023-02-24,61,212,Office Supplies,510,3.7
1,131,2023-03-07,59,231,Pet Supplies,380,3.9
30,137,2023-02-26,64,265,Office Supplies,510,3.7
65,122,2023-02-26,65,241,Books & Media,330,4.7
50,113,2023-03-03,52,256,Furniture,780,3.9
24,104,2023-01-05,32,130,Beauty,30,4.0
33,103,2023-04-07,83,353,Home & Kitchen,200,4.2
49,140,2023-03-14,63,300,Food & Grocery,550,4.2
43,119,2023-03-16,66,245,Toys & Games,540,4.4
29,125,2023-03-11,73,287,Health & Wellness,70,3.5
1,122,2023-01-18,34,147,Books & Media,330,4.7
84,137,2023-04-10,79,306,Office Supplies,510,3.7
78,104,2023-02-07,38,192,Beauty,30,4.0
51,137,2023-02-16,47,201,Office Supplies,510,3.7
22,104,2023-02-15,60,220,Beauty,30,4.0
43,101,2023-04-01,74,302,Electronics,500,4.5
55,104,2023-03-28,77,298,Beauty,30,4.0
40,116,2023-03-24,73,336,Sports & Outdoors,650,3.9
34,116,2023-01-09,35,133,Sports & Outdoors,650,3.9
18,114,2023-01-04,32,140,Furniture,120,3.7
59,137,2023-01-23,36,168,Office Supplies,510,3.7
48,119,2023-04-18,78,270,Toys & Games,540,4.4
32,137,2023-03-03,71,258,Office Supplies,510,3.7
4,128,2023-01-29,28,156,Automotive,150,3.8
2,119,2023-01-07,27,101,Toys & Games,540,4.4
23,113,2023-01-27,37,202,Furniture,780,3.9
24,122,2023-03-03,53,216,Books & Media,330,4.7
31,137,2023-04-25,76,326,Office Supplies,510,3.7
31,119,2023-02-17,51,172,Toys & Games,540,4.4
34,125,2023-03-17,68,277,Health & Wellness,70,3.5
66,140,2023-04-03,75,233,Food & Grocery,550,4.2
12,125,2023-01-03,29,80,Health & Wellness,70,3.5
14,131,2023-01-29,36,127,Pet Supplies,380,3.9
32,134,2023-03-08,78,288,Jewelry & Accessories,170,4.0
54,134,2023-04-04,52,275,Jewelry & Accessories,170,4.0
82,125,2023-02-08,62,207,Health & Wellness,70,3.5
18,104,2023-02-13,50,217,Beauty,30,4.0
49,119,2023-02-01,40,206,Toys & Games,540,4.4
57,113,2023-02-24,53,201,Furniture,780,3.9
38,134,2023-03-19,74,257,Jewelry & Accessories,170,4.0
39,113,2023-04-23,83,345,Furniture,780,3.9
50,134,2023-02-05,43,209,Jewelry & Accessories,170,4.0
66,117,2023-01-05,27,88,Sports & Outdoors,320,4.6
13,140,2023-03-23,59,221,Food & Grocery,550,4.2
54,122,2023-02-21,35,186,Books & Media,330,4.7
45,122,2023-01-23,48,173,Books & Media,330,4.7
78,122,2023-03-30,63,292,Books & Media,330,4.7
12,134,2023-01-24,45,119,Jewelry & Accessories,170,4.0
20,137,2023-03-29,75,330,Office Supplies,510,3.7
51,134,2023-03-02,52,219,Jewelry & Accessories,170,4.0
75,122,2023-01-16,31,170,Books & Media,330,4.7
33,140,2023-02-24,58,246,Food & Grocery,550,4.2
3,119,2023-02-12,50,215,Toys & Games,540,4.4
7,137,2023-01-26,38,154,Office Supplies,510,3.7
48,128,2023-04-27,84,288,Automotive,150,3.8
48,137,2023-01-19,39,130,Office Supplies,510,3.7
34,137,2023-04-10,79,306,Office Supplies,510,3.7
6,113,2023-02-26,51,183,Furniture,780,3.9
7,134,2023-02-07,43,175,Jewelry & Accessories,170,4.0
52,131,2023-03-15,73,254,Pet Supplies,380,3.9
5,125,2023-01-16,32,152,Health & Wellness,70,3.5
48,103,2023-02-21,58,201,Home & Kitchen,200,4.2
4,134,2023-04-04,52,275,Jewelry & Accessories,170,4.0
29,101,2023-02-23,61,250,Electronics,500,4.5
84,140,2023-03-27,74,292,Food & Grocery,550,4.2
85,104,2023-03-21,65,294,Beauty,30,4.0
84,102,2023-01-27,46,174,Clothing,50,3.8
79,104,2023-01-15,43,173,Beauty,30,4.0
53,103,2023-01-03,30,150,Home & Kitchen,200,4.2
68,114,2023-01-04,32,140,Furniture,120,3.7
5,137,2023-02-05,45,188,Office Supplies,510,3.7
11,116,2023-01-02,33,85,Sports & Outdoors,650,3.9
35,103,2023-02-25,56,254,Home & Kitchen,200,4.2
47,137,2023-01-20,40,121,Office Supplies,510,3.7
43,134,2023-01-04,27,98,Jewelry & Accessories,170,4.0
42,134,2023-01-04,26,90,Jewelry & Accessories,170,4.0
28,125,2023-04-10,66,312,Health & Wellness,70,3.5
12,116,2023-02-25,64,207,Sports & Outdoors,650,3.9
38,128,2023-01-15,42,147,Automotive,150,3.8
80,140,2023-02-14,59,241,Food & Grocery,550,4.2
57,122,2023-01-03,26,87,Books & Media,330,4.7
62,119,2023-03-17,80,271,Toys & Games,540,4.4
5,104,2023-03-28,77,298,Beauty,30,4.0
13,134,2023-04-10,68,258,Jewelry & Accessories,170,4.0
37,116,2023-03-10,66,254,Sports & Outdoors,650,3.9
52,134,2023-03-10,67,235,Jewelry & Accessories,170,4.0
74,137,2023-04-13,72,273,Office Supplies,510,3.7
85,137,2023-01-25,38,172,Office Supplies,510,3.7
13,137,2023-03-30,64,236,Office Supplies,510,3.7
46,101,2023-02-28,60,235,Electronics,500,4.5
55,134,2023-02-10,52,208,Jewelry & Accessories,170,4.0
70,122,2023-03-03,56,272,Books & Media,330,4.7
56,134,2023-02-03,43,144,Jewelry & Accessories,170,4.0
34,102,2023-01-27,46,174,Clothing,50,3.8
21,119,2023-02-27,61,277,Toys & Games,540,4.4
44,104,2023-01-10,31,159,Beauty,30,4.0
29,128,2023-02-13,56,238,Automotive,150,3.8
71,136,2023-01-03,26,146,Jewelry & Accessories,210,4.8
15,117,2023-01-01,29,117,Sports & Outdoors,320,4.6
3,103,2023-01-03,30,150,Home & Kitchen,200,4.2
40,104,2023-04-02,77,348,Beauty,30,4.0
21,102,2023-02-15,58,257,Clothing,50,3.8
73,116,2023-02-15,45,247,Sports & Outdoors,650,3.9
63,128,2023-02-01,38,154,Automotive,150,3.8
58,102,2023-02-02,47,169,Clothing,50,3.8
42,104,2023-03-14,51,196,Beauty,30,4.0
35,134,2023-02-07,42,201,Jewelry & Accessories,170,4.0
18,116,2023-02-01,44,192,Sports & Outdoors,650,3.9
13,131,2023-04-16,72,282,Pet Supplies,380,3.9
45,113,2023-04-08,76,316,Furniture,780,3.9
84,122,2023-03-12,62,251,Books & Media,330,4.7
28,102,2023-02-19,43,208,Clothing,50,3.8
51,101,2023-01-01,25,120,Electronics,500,4.5
9,126,2023-01-03,28,136,Health & Wellness,780,4.6
20,134,2023-04-05,78,345,Jewelry & Accessories,170,4.0
22,132,2023-01-02,35,149,Pet Supplies,280,4.7
31,101,2023-03-04,58,224,Electronics,500,4.5
18,103,2023-01-17,39,163,Home & Kitchen,200,4.2
54,125,2023-02-28,40,211,Health & Wellness,70,3.5
83,125,2023-02-11,55,217,Health & Wellness,70,3.5
84,119,2023-02-08,49,191,Toys & Games,540,4.4
50,102,2023-04-07,74,335,Clothing,50,3.8
29,137,2023-03-26,84,322,Office Supplies,510,3.7
39,119,2023-01-13,37,149,Toys & Games,540,4.4
71,122,2023-04-02,80,335,Books & Media,330,4.7
49,137,2023-03-24,69,328,Office Supplies,510,3.7
16,119,2023-02-04,47,138,Toys & Games,540,4.4
51,125,2023-01-29,38,157,Health & Wellness,70,3.5
40,131,2023-02-20,55,268,Pet Supplies,380,3.9
19,119,2023-03-07,62,217,Toys & Games,540,4.4
5,140,2023-01-31,38,176,Food & Grocery,550,4.2
47,102,2023-03-28,73,265,Clothing,50,3.8
74,131,2023-04-26,83,313,Pet Supplies,380,3.9
79,103,2023-01-04,30,126,Home & Kitchen,200,4.2
70,140,2023-03-21,69,310,Food & Grocery,550,4.2
24,101,2023-02-18,49,205,Electronics,500,4.5
14,103,2023-02-22,50,163,Home & Kitchen,200,4.2
67,140,2023-03-02,60,209,Food & Grocery,550,4.2
39,122,2023-02-14,50,217,Books & Media,330,4.7
73,128,2023-03-25,62,324,Automotive,150,3.8
11,119,2023-01-30,45,129,Toys & Games,540,4.4
3,128,2023-02-27,54,227,Automotive,150,3.8
40,102,2023-04-11,81,363,Clothing,50,3.8
81,119,2023-02-17,51,172,Toys & Games,540,4.4
56,102,2023-04-18,73,249,Clothing,50,3.8
23,119,2023-03-20,56,299,Toys & Games,540,4.4
2,134,2023-03-10,67,235,Jewelry & Accessories,170,4.0
40,113,2023-03-07,60,293,Furniture,780,3.9
84,103,2023-01-01,29,119,Home & Kitchen,200,4.2
44,122,2023-02-25,57,251,Books & Media,330,4.7
14,119,2023-04-01,71,255,Toys & Games,540,4.4
23,131,2023-01-14,31,173,Pet Supplies,380,3.9
63,125,2023-03-08,52,210,Health & Wellness,70,3.5
75,105,2023-01-01,27,148,Electronics,800,4.8
19,102,2023-02-28,59,201,Clothing,50,3.8
44,125,2023-03-02,61,263,Health & Wellness,70,3.5
4,137,2023-03-22,48,265,Office Supplies,510,3.7
71,128,2023-03-09,67,301,Automotive,150,3.8
7,103,2023-03-10,56,229,Home & Kitchen,200,4.2
8,119,2023-02-14,51,181,Toys & Games,540,4.4
68,125,2023-05-02,78,321,Health & Wellness,70,3.5
24,134,2023-04-19,79,295,Jewelry & Accessories,170,4.0
19,128,2023-03-16,65,245,Automotive,150,3.8
1,101,2023-01-01,25,120,Electronics,500,4.5
85,140,2023-01-17,33,154,Food & Grocery,550,4.2
47,131,2023-02-08,49,157,Pet Supplies,380,3.9
76,125,2023-03-03,54,259,Health & Wellness,70,3.5
45,103,2023-04-14,82,330,Home & Kitchen,200,4.2
35,113,2023-02-19,51,242,Furniture,780,3.9
51,105,2023-01-05,28,130,Electronics,800,4.8
8,128,2023-02-20,58,203,Automotive,150,3.8
23,128,2023-03-25,62,324,Automotive,150,3.8
64,104,2023-03-14,60,210,Beauty,30,4.0
7,113,2023-02-24,53,201,Furniture,780,3.9
43,103,2023-01-30,47,157,Home & Kitchen,200,4.2
80,125,2023-02-06,52,228,Health & Wellness,70,3.5
1,113,2023-03-13,63,251,Furniture,780,3.9
55,140,2023-01-31,38,176,Food & Grocery,550,4.2
77,116,2023-03-11,57,243,Sports & Outdoors,650,3.9
32,131,2023-03-17,84,313,Pet Supplies,380,3.9
22,101,2023-04-06,76,314,Electronics,500,4.5
46,110,2023-01-03,26,119,Home & Kitchen,400,3.8
30,113,2023-03-28,81,315,Furniture,780,3.9
15,101,2023-02-13,60,211,Electronics,500,4.5
85,119,2023-04-04,72,332,Toys & Games,540,4.4
70,101,2023-02-16,50,250,Electronics,500,4.5
61,104,2023-01-10,37,98,Beauty,30,4.0
22,116,2023-02-01,55,205,Sports & Outdoors,650,3.9
40,137,2023-02-06,45,218,Office Supplies,510,3.7
55,137,2023-02-05,45,188,Office Supplies,510,3.7
26,122,2023-02-19,50,238,Books & Media,330,4.7
30,128,2023-01-11,39,145,Automotive,150,3.8
82,134,2023-03-08,78,288,Jewelry & Accessories,170,4.0
10,122,2023-04-03,79,333,Books & Media,330,4.7
8,102,2023-02-02,47,169,Clothing,50,3.8
65,137,2023-03-21,78,284,Office Supplies,510,3.7
50,127,2023-01-05,28,141,Health & Wellness,560,4.8
31,102,2023-02-11,46,156,Clothing,50,3.8
78,140,2023-04-25,71,325,Food & Grocery,550,4.2
10,103,2023-01-22,41,199,Home & Kitchen,200,4.2
42,122,2023-05-11,83,289,Books & Media,330,4.7
35,102,2023-03-26,68,322,Clothing,50,3.8
82,102,2023-01-01,35,115,Clothing,50,3.8
27,128,2023-04-24,75,337,Automotive,150,3.8
19,136,2023-01-04,35,92,Jewelry & Accessories,210,4.8
67,103,2023-04-19,84,318,Home & Kitchen,200,4.2
66,119,2023-02-04,47,138,Toys & Games,540,4.4
67,113,2023-04-07,81,291,Furniture,780,3.9
36,103,2023-03-26,56,267,Home & Kitchen,200,4.2
49,125,2023-02-28,57,282,Health & Wellness,70,3.5
77,141,2023-01-02,29,127,Food & Grocery,500,4.6
38,107,2023-01-02,33,125,Clothing,50,4.1
13,125,2023-03-08,52,210,Health & Wellness,70,3.5
20,122,2023-03-03,56,272,Books & Media,330,4.7
78,119,2023-03-01,47,235,Toys & Games,540,4.4
66,134,2023-04-30,83,267,Jewelry & Accessories,170,4.0
62,104,2023-03-03,70,235,Beauty,30,4.0
72,119,2023-03-08,67,274,Toys & Games,540,4.4
11,128,2023-02-08,51,147,Automotive,150,3.8
24,140,2023-03-29,66,243,Food & Grocery,550,4.2
78,103,2023-01-15,28,154,Home & Kitchen,200,4.2
17,121,2023-01-03,30,109,Toys & Games,470,3.6
8,101,2023-03-03,61,217,Electronics,500,4.5
28,116,2023-01-30,32,173,Sports & Outdoors,650,3.9
21,104,2023-02-09,51,235,Beauty,30,4.0
53,122,2023-03-16,61,270,Books & Media,330,4.7
82,140,2023-02-17,67,236,Food & Grocery,550,4.2
14,101,2023-04-18,80,293,Electronics,500,4.5
7,131,2023-02-19,48,188,Pet Supplies,380,3.9
83,131,2023-03-26,71,320,Pet Supplies,380,3.9
13,113,2023-04-25,78,306,Furniture,780,3.9
26,119,2023-01-19,39,171,Toys & Games,540,4.4
76,119,2023-01-19,39,171,Toys & Games,540,4.4
58,125,2023-03-22,70,240,Health & Wellness,70,3.5
64,116,2023-03-07,53,193,Sports & Outdoors,650,3.9
58,103,2023-01-13,32,113,Home & Kitchen,200,4.2
54,102,2023-01-09,18,97,Clothing,50,3.8
47,116,2023-03-03,64,230,Sports & Outdoors,650,3.9
84,128,2023-02-16,55,204,Automotive,150,3.8
45,119,2023-01-01,34,101,Toys & Games,540,4.4
77,131,2023-02-03,43,178,Pet Supplies,380,3.9
11,125,2023-03-11,69,183,Health & Wellness,70,3.5
61,140,2023-03-22,73,207,Food & Grocery,550,4.2
13,119,2023-01-18,31,136,Toys & Games,540,4.4
16,117,2023-01-05,27,88,Sports & Outdoors,320,4.6
47,140,2023-01-11,33,109,Food & Grocery,550,4.2
48,142,2023-01-05,35,115,Food & Grocery,760,4.5
83,101,2023-01-20,43,176,Electronics,500,4.5
70,131,2023-04-14,81,367,Pet Supplies,380,3.9
47,113,2023-02-18,52,187,Furniture,780,3.9
68,104,2023-02-13,50,217,Beauty,30,4.0
43,122,2023-04-07,81,329,Books & Media,330,4.7
24,128,2023-02-11,44,195,Automotive,150,3.8
57,137,2023-01-26,38,154,Office Supplies,510,3.7
18,119,2023-03-09,60,253,Toys & Games,540,4.4
26,107,2023-01-04,32,144,Clothing,50,4.1
65,101,2023-02-13,60,211,Electronics,500,4.5
39,137,2023-03-23,67,286,Office Supplies,510,3.7
81,102,2023-02-11,46,156,Clothing,50,3.8
32,122,2023-01-29,56,197,Books & Media,330,4.7
18,125,2023-05-02,78,321,Health & Wellness,70,3.5
37,141,2023-01-05,34,132,Food & Grocery,500,4.6
82,137,2023-03-03,71,258,Office Supplies,510,3.7
33,125,2023-02-11,55,217,Health & Wellness,70,3.5
42,101,2023-04-27,76,274,Electronics,500,4.5
82,131,2023-03-17,84,313,Pet Supplies,380,3.9
71,101,2023-03-20,74,320,Electronics,500,4.5
60,103,2023-01-22,41,199,Home & Kitchen,200,4.2
15,128,2023-02-05,53,197,Automotive,150,3.8
72,103,2023-01-20,48,192,Home & Kitchen,200,4.2
73,113,2023-01-27,37,202,Furniture,780,3.9
46,102,2023-01-26,40,184,Clothing,50,3.8
83,128,2023-01-09,37,158,Automotive,150,3.8
79,119,2023-02-07,53,223,Toys & Games,540,4.4
78,114,2023-01-01,25,144,Furniture,120,3.7
82,113,2023-03-27,87,323,Furniture,780,3.9
12,137,2023-01-19,38,108,Office Supplies,510,3.7
57,104,2023-03-26,65,270,Beauty,30,4.0
11,102,2023-01-20,42,114,Clothing,50,3.8
55,116,2023-03-21,72,276,Sports & Outdoors,650,3.9
57,103,2023-03-10,56,229,Home & Kitchen,200,4.2
62,102,2023-03-12,75,249,Clothing,50,3.8
7,125,2023-01-08,32,100,Health & Wellness,70,3.5
18,128,2023-03-24,64,269,Automotive,150,3.8
61,137,2023-04-05,78,224,Office Supplies,510,3.7
6,131,2023-02-13,46,164,Pet Supplies,380,3.9
38,119,2023-01-09,38,135,Toys & Games,540,4.4
37,119,2023-04-11,81,310,Toys & Games,540,4.4
85,131,2023-02-13,46,227,Pet Supplies,380,3.9
85,126,2023-01-02,26,131,Health & Wellness,780,4.6
76,113,2023-04-13,84,344,Furniture,780,3.9
7,104,2023-03-26,65,270,Beauty,30,4.0
1,140,2023-02-10,44,171,Food & Grocery,550,4.2
11,104,2023-01-10,37,98,Beauty,30,4.0
36,137,2023-02-10,37,188,Office Supplies,510,3.7
80,134,2023-03-11,69,279,Jewelry & Accessories,170,4.0
16,125,2023-03-23,68,209,Health & Wellness,70,3.5
71,103,2023-01-24,43,208,Home & Kitchen,200,4.2
63,140,2023-03-23,59,221,Food & Grocery,550,4.2
8,115,2023-01-01,29,91,Furniture,750,3.6
67,131,2023-03-27,78,264,Pet Supplies,380,3.9
36,122,2023-01-04,26,119,Books & Media,330,4.7
41,101,2023-01-16,45,154,Electronics,500,4.5
21,103,2023-01-24,43,208,Home & Kitchen,200,4.2
26,101,2023-02-05,45,212,Electronics,500,4.5
61,134,2023-04-10,83,236,Jewelry & Accessories,170,4.0
70,112,2023-01-04,32,148,Beauty,780,3.8
54,140,2023-03-07,44,240,Food & Grocery,550,4.2
58,128,2023-02-20,58,203,Automotive,150,3.8
59,103,2023-03-04,57,257,Home & Kitchen,200,4.2
22,103,2023-01-20,48,192,Home & Kitchen,200,4.2
53,119,2023-02-12,50,215,Toys & Games,540,4.4
25,113,2023-03-22,60,291,Furniture,780,3.9
37,113,2023-02-12,56,222,Furniture,780,3.9
10,125,2023-04-10,86,349,Health & Wellness,70,3.5
66,104,2023-01-14,34,111,Beauty,30,4.0
56,113,2023-02-26,51,183,Furniture,780,3.9
75,137,2023-02-20,45,238,Office Supplies,510,3.7
50,119,2023-04-17,80,348,Toys & Games,540,4.4
66,128,2023-02-14,53,150,Automotive,150,3.8
44,140,2023-03-10,67,281,Food & Grocery,550,4.2
10,128,2023-03-18,66,283,Automotive,150,3.8
10,119,2023-03-03,63,270,Toys & Games,540,4.4
59,116,2023-03-14,62,271,Sports & Outdoors,650,3.9
79,102,2023-01-24,48,196,Clothing,50,3.8
69,116,2023-02-17,49,161,Sports & Outdoors,650,3.9
58,104,2023-01-26,44,158,Beauty,30,4.0
30,131,2023-03-18,75,292,Pet Supplies,380,3.9
42,103,2023-02-12,40,153,Home & Kitchen,200,4.2
28,119,2023-03-01,47,235,Toys & Games,540,4.4
14,104,2023-03-14,60,210,Beauty,30,4.0
8,104,2023-01-26,44,158,Beauty,30,4.0
72,113,2023-01-11,42,172,Furniture,780,3.9
53,104,2023-01-24,42,192,Beauty,30,4.0
10,116,2023-02-06,48,226,Sports & Outdoors,650,3.9
81,137,2023-04-25,76,326,Office Supplies,510,3.7
15,125,2023-03-03,71,259,Health & Wellness,70,3.5
53,102,2023-02-05,45,203,Clothing,50,3.8
23,101,2023-03-31,65,349,Electronics,500,4.5
25,140,2023-02-06,39,213,Food & Grocery,550,4.2
35,119,2023-04-04,72,332,Toys & Games,540,4.4
8,116,2023-01-21,39,130,Sports & Outdoors,650,3.9
14,113,2023-02-07,43,144,Furniture,780,3.9
16,102,2023-01-24,41,125,Clothing,50,3.8
39,134,2023-04-01,73,312,Jewelry & Accessories,170,4.0
20,125,2023-03-13,62,299,Health & Wellness,70,3.5
37,103,2023-02-23,60,237,Home & Kitchen,200,4.2
63,131,2023-04-16,72,282,Pet Supplies,380,3.9
64,131,2023-01-29,36,127,Pet Supplies,380,3.9
75,140,2023-02-06,39,213,Food & Grocery,550,4.2
8,125,2023-03-22,70,240,Health & Wellness,70,3.5
56,137,2023-01-20,36,119,Office Supplies,510,3.7
36,140,2023-01-26,34,160,Food & Grocery,550,4.2
68,122,2023-04-20,71,300,Books & Media,330,4.7
64,103,2023-02-22,50,163,Home & Kitchen,200,4.2
77,104,2023-03-24,60,267,Beauty,30,4.0
17,113,2023-04-07,81,291,Furniture,780,3.9
56,103,2023-03-10,56,209,Home & Kitchen,200,4.2
77,119,2023-04-11,70,312,Toys & Games,540,4.4
77,134,2023-01-22,38,159,Jewelry & Accessories,170,4.0
67,134,2023-03-19,73,238,Jewelry & Accessories,170,4.0
78,116,2023-01-30,32,173,Sports & Outdoors,650,3.9
54,137,2023-03-22,48,265,Office Supplies,510,3.7
70,137,2023-03-29,75,330,Office Supplies,510,3.7
63,122,2023-02-24,48,187,Books & Media,330,4.7
34,101,2023-02-28,58,222,Electronics,500,4.5
83,122,2023-01-30,50,197,Books & Media,330,4.7
46,140,2023-03-29,70,280,Food & Grocery,550,4.2
22,128,2023-03-22,73,293,Automotive,150,3.8
70,102,2023-01-16,37,176,Clothing,50,3.8
40,125,2023-01-11,37,174,Health & Wellness,70,3.5
45,137,2023-02-26,65,249,Office Supplies,510,3.7
7,140,2023-01-19,35,127,Food & Grocery,550,4.2
61,101,2023-02-19,57,158,Electronics,500,4.5
19,113,2023-01-23,43,141,Furniture,780,3.9
73,119,2023-03-20,56,299,Toys & Games,540,4.4
53,116,2023-01-16,36,165,Sports & Outdoors,650,3.9
59,113,2023-02-21,51,234,Furniture,780,3.9
33,122,2023-01-30,50,197,Books & Media,330,4.7
84,104,2023-01-20,40,159,Beauty,30,4.0
71,113,2023-01-16,37,195,Furniture,780,3.9
19,103,2023-02-06,46,151,Home & Kitchen,200,4.2
65,140,2023-03-16,74,270,Food & Grocery,550,4.2
59,119,2023-04-14,80,331,Toys & Games,540,4.4
27,104,2023-03-24,60,267,Beauty,30,4.0
57,140,2023-01-19,35,127,Food & Grocery,550,4.2
36,102,2023-04-30,75,331,Clothing,50,3.8
76,101,2023-02-05,45,212,Electronics,500,4.5
63,101,2023-02-14,44,167,Electronics,500,4.5
31,125,2023-03-28,69,282,Health & Wellness,70,3.5
21,128,2023-03-09,67,301,Automotive,150,3.8
55,122,2023-01-11,27,122,Books & Media,330,4.7
55,131,2023-02-20,55,225,Pet Supplies,380,3.9
24,119,2023-01-30,41,171,Toys & Games,540,4.4
33,137,2023-03-07,64,272,Office Supplies,510,3.7
34,119,2023-02-08,49,191,Toys & Games,540,4.4
18,102,2023-02-23,54,228,Clothing,50,3.8
81,128,2023-02-25,54,202,Automotive,150,3.8
68,119,2023-03-09,60,253,Toys & Games,540,4.4
43,113,2023-01-22,41,136,Furniture,780,3.9
30,134,2023-03-11,69,279,Jewelry & Accessories,170,4.0
46,128,2023-02-15,53,221,Automotive,150,3.8
56,131,2023-02-13,46,164,Pet Supplies,380,3.9
84,125,2023-03-17,68,277,Health & Wellness,70,3.5
79,116,2023-01-09,37,145,Sports & Outdoors,650,3.9
76,131,2023-04-08,77,328,Pet Supplies,380,3.9
54,128,2023-01-29,28,156,Automotive,150,3.8
72,116,2023-02-01,55,205,Sports & Outdoors,650,3.9
56,119,2023-05-03,76,265,Toys & Games,540,4.4
75,125,2023-01-29,34,188,Health & Wellness,70,3.5
55,101,2023-01-05,22,110,Electronics,500,4.5
81,140,2023-04-10,73,300,Food & Grocery,550,4.2
76,107,2023-01-04,32,144,Clothing,50,4.1
4,122,2023-02-21,35,186,Books & Media,330,4.7
20,119,2023-01-21,42,194,Toys & Games,540,4.4
62,137,2023-01-19,38,108,Office Supplies,510,3.7
11,137,2023-04-05,78,224,Office Supplies,510,3.7
48,113,2023-02-15,54,191,Furniture,780,3.9
35,126,2023-01-02,26,131,Health & Wellness,780,4.6
49,134,2023-04-08,74,358,Jewelry & Accessories,170,4.0
12,119,2023-03-17,80,271,Toys & Games,540,4.4
57,116,2023-03-18,61,242,Sports & Outdoors,650,3.9
80,113,2023-03-28,81,315,Furniture,780,3.9
72,102,2023-02-23,64,250,Clothing,50,3.8
71,102,2023-02-15,58,257,Clothing,50,3.8
80,137,2023-02-26,64,265,Office Supplies,510,3.7
65,125,2023-03-03,71,259,Health & Wellness,70,3.5
5,134,2023-02-10,52,208,Jewelry & Accessories,170,4.0
62,125,2023-01-03,29,80,Health & Wellness,70,3.5
19,122,2023-04-13,75,293,Books & Media,330,4.7
66,122,2023-03-08,62,180,Books & Media,330,4.7
73,134,2023-01-03,25,147,Jewelry & Accessories,170,4.0
61,128,2023-02-08,51,147,Automotive,150,3.8
41,103,2023-04-11,76,293,Home & Kitchen,200,4.2
52,102,2023-01-02,20,90,Clothing,50,3.8
74,101,2023-02-18,49,205,Electronics,500,4.5
16,122,2023-03-08,62,180,Books & Media,330,4.7
35,137,2023-01-25,38,172,Office Supplies,510,3.7
35,116,2023-03-07,61,274,Sports & Outdoors,650,3.9
68,140,2023-05-14,81,332,Food & Grocery,550,4.2
71,119,2023-02-27,61,277,Toys & Games,540,4.4
17,134,2023-03-19,73,238,Jewelry & Accessories,170,4.0
4,104,2023-01-04,15,80,Beauty,30,4.0
69,113,2023-01-23,43,141,Furniture,780,3.9
56,116,2023-03-24,62,219,Sports & Outdoors,650,3.9
76,128,2023-01-28,42,197,Automotive,150,3.8
53,101,2023-03-10,57,243,Electronics,500,4.5
66,102,2023-01-24,41,125,Clothing,50,3.8
50,103,2023-03-08,56,267,Home & Kitchen,200,4.2
64,128,2023-04-12,75,276,Automotive,150,3.8
60,128,2023-03-18,66,283,Automotive,150,3.8
5,103,2023-03-13,69,259,Home & Kitchen,200,4.2
65,104,2023-01-06,36,136,Beauty,30,4.0
72,132,2023-01-02,35,149,Pet Supplies,280,4.7
36,113,2023-03-16,51,239,Furniture,780,3.9
46,104,2023-01-20,34,164,Beauty,30,4.0
47,125,2023-01-02,28,80,Health & Wellness,70,3.5
32,102,2023-01-01,35,115,Clothing,50,3.8
70,128,2023-02-05,45,224,Automotive,150,3.8
15,134,2023-03-29,81,304,Jewelry & Accessories,170,4.0
9,131,2023-02-06,46,222,Pet Supplies,380,3.9
27,141,2023-01-02,29,127,Food & Grocery,500,4.6
